{"x": 2.0000004, "f(x)": -10.999997, "eps": "-1099.999695%"}