{"x": 2.8551954, "f(x)": -2.13e-05, "eps": "-0.002133%"}